PDB_ID,Activation_State,GPCR_Class,Set
1F88,Inactive,Class A (Rhodopsin),Train
1GZM,Inactive,Class A (Rhodopsin),Train
1HZX,Inactive,Class A (Rhodopsin),Train
1L9H,Inactive,Class A (Rhodopsin),Train
1U19,Inactive,Class A (Rhodopsin),Train
2G87,Inactive,Class A (Rhodopsin),Train
2HPY,Inactive,Class A (Rhodopsin),Train
2I35,Inactive,Class A (Rhodopsin),Train
2I36,Inactive,Class A (Rhodopsin),Train
2I37,Inactive,Class A (Rhodopsin),Train
2J4Y,Inactive,Class A (Rhodopsin),Train
2PED,Inactive,Class A (Rhodopsin),Train
2R4R,Inactive,Class A (Rhodopsin),Train
2R4S,Inactive,Class A (Rhodopsin),Train
2RH1,Inactive,Class A (Rhodopsin),Train
2VT4,Inactive,Class A (Rhodopsin),Train
2X72,Active,Class A (Rhodopsin),Train
2Y00,Inactive,Class A (Rhodopsin),Train
2Y01,Inactive,Class A (Rhodopsin),Train
2Y02,Inactive,Class A (Rhodopsin),Train
2Y03,Inactive,Class A (Rhodopsin),Train
2Y04,Inactive,Class A (Rhodopsin),Train
2YCW,Inactive,Class A (Rhodopsin),Train
2YCX,Inactive,Class A (Rhodopsin),Train
2YCY,Inactive,Class A (Rhodopsin),Train
2YCZ,Inactive,Class A (Rhodopsin),Train
2YDO,Active,Class A (Rhodopsin),Train
2YDV,Active,Class A (Rhodopsin),Train
2Z73,Inactive,Class A (Rhodopsin),Train
2ZIY,Inactive,Class A (Rhodopsin),Train
3AYM,Inactive,Class A (Rhodopsin),Train
3AYN,Inactive,Class A (Rhodopsin),Train
3C9L,Inactive,Class A (Rhodopsin),Train
3C9M,Inactive,Class A (Rhodopsin),Train
3CAP,Active,Class A (Rhodopsin),Train
3D4S,Inactive,Class A (Rhodopsin),Train
3DQB,Active,Class A (Rhodopsin),Train
3EML,Inactive,Class A (Rhodopsin),Train
3KJ6,Inactive,Class A (Rhodopsin),Train
3NY8,Inactive,Class A (Rhodopsin),Train
3NY9,Inactive,Class A (Rhodopsin),Train
3NYA,Inactive,Class A (Rhodopsin),Train
3OAX,Inactive,Class A (Rhodopsin),Train
3ODU,Inactive,Class A (Rhodopsin),Train
3OE0,Inactive,Class A (Rhodopsin),Train
3OE6,Inactive,Class A (Rhodopsin),Train
3OE8,Inactive,Class A (Rhodopsin),Train
3OE9,Inactive,Class A (Rhodopsin),Train
3P0G,Active,Class A (Rhodopsin),Train
3PBL,Inactive,Class A (Rhodopsin),Train
3PDS,Inactive,Class A (Rhodopsin),Train
3PQR,Active,Class A (Rhodopsin),Train
3PWH,Inactive,Class A (Rhodopsin),Train
3PXO,Active,Class A (Rhodopsin),Train
3QAK,Active,Class A (Rhodopsin),Train
3REY,Inactive,Class A (Rhodopsin),Train
3RFM,Inactive,Class A (Rhodopsin),Train
3RZE,Inactive,Class A (Rhodopsin),Train
3SN6,Active,Class A (Rhodopsin),Train
3UON,Inactive,Class A (Rhodopsin),Train
3UZA,Inactive,Class A (Rhodopsin),Train
3UZC,Inactive,Class A (Rhodopsin),Train
3V2W,Inactive,Class A (Rhodopsin),Train
3V2Y,Inactive,Class A (Rhodopsin),Train
3VG9,Inactive,Class A (Rhodopsin),Train
3VGA,Inactive,Class A (Rhodopsin),Train
3VW7,Active,Class A (Rhodopsin),Train
3ZEV,Inactive,Class A (Rhodopsin),Train
3ZPQ,Inactive,Class A (Rhodopsin),Train
3ZPR,Inactive,Class A (Rhodopsin),Train
4A4M,Active,Class A (Rhodopsin),Train
4AMI,Inactive,Class A (Rhodopsin),Train
4AMJ,Inactive,Class A (Rhodopsin),Train
4BEY,Active,Class A (Rhodopsin),Train
4BEZ,Active,Class A (Rhodopsin),Train
4BUO,Inactive,Class A (Rhodopsin),Train
4BV0,Inactive,Class A (Rhodopsin),Train
4BVN,Inactive,Class A (Rhodopsin),Train
4BWB,Inactive,Class A (Rhodopsin),Train
4DAJ,Inactive,Class A (Rhodopsin),Train
4DJH,Inactive,Class A (Rhodopsin),Train
4DKL,Inactive,Class A (Rhodopsin),Train
4EA3,Inactive,Class A (Rhodopsin),Train
4EIY,Inactive,Class A (Rhodopsin),Train
4EJ4,Inactive,Class A (Rhodopsin),Train
4GBR,Inactive,Class A (Rhodopsin),Train
4GPO,Inactive,Class A (Rhodopsin),Train
4GRV,Active,Class A (Rhodopsin),Train
4IAQ,Inactive,Class A (Rhodopsin),Train
4IAR,Inactive,Class A (Rhodopsin),Train
4J4Q,Active,Class A (Rhodopsin),Train
4JKV,Inactive,Class F (Frizzled),Train
4K5Y,Inactive,Class B1 (Secretin),Train
4L6R,Inactive,Class B1 (Secretin),Train
4LDE,Active,Class A (Rhodopsin),Train
4LDL,Active,Class A (Rhodopsin),Train
4LDO,Active,Class A (Rhodopsin),Train
4MBS,Inactive,Class A (Rhodopsin),Train
4MQS,Active,Class A (Rhodopsin),Train
4MQT,Active,Class A (Rhodopsin),Train
4N4W,Inactive,Class F (Frizzled),Train
4N6H,Inactive,Class A (Rhodopsin),Train
4NTJ,Active,Class A (Rhodopsin),Train
4O9R,Inactive,Class F (Frizzled),Train
4OO9,Inactive,Class C (Glutamate),Train
4OR2,Inactive,Class C (Glutamate),Train
4PHU,Active,Class A (Rhodopsin),Train
4PXF,Active,Class A (Rhodopsin),Train
4PXZ,Active,Class A (Rhodopsin),Train
4PY0,Active,Class A (Rhodopsin),Train
4QIM,Inactive,Class F (Frizzled),Train
4QIN,Inactive,Class F (Frizzled),Train
4QKX,Active,Class A (Rhodopsin),Train
4RWA,Inactive,Class A (Rhodopsin),Train
4RWD,Inactive,Class A (Rhodopsin),Train
4RWS,Inactive,Class A (Rhodopsin),Train
4S0V,Inactive,Class A (Rhodopsin),Train
4U14,Inactive,Class A (Rhodopsin),Train
4U15,Inactive,Class A (Rhodopsin),Train
4U16,Inactive,Class A (Rhodopsin),Train
4UG2,Active,Class A (Rhodopsin),Train
4UHR,Active,Class A (Rhodopsin),Train
4WW3,Inactive,Class A (Rhodopsin),Train
4X1H,Active,Class A (Rhodopsin),Train
4XEE,Active,Class A (Rhodopsin),Train
4XES,Active,Class A (Rhodopsin),Train
4XNV,Active,Class A (Rhodopsin),Train
4XNW,Active,Class A (Rhodopsin),Train
4XT1,Active,Class A (Rhodopsin),Train
4XT3,Active,Class A (Rhodopsin),Train
4YAY,Inactive,Class A (Rhodopsin),Train
4Z34,Inactive,Class A (Rhodopsin),Train
4Z35,Inactive,Class A (Rhodopsin),Train
4Z36,Inactive,Class A (Rhodopsin),Train
4Z9G,Inactive,Class B1 (Secretin),Train
4ZJ8,Inactive,Class A (Rhodopsin),Train
4ZJC,Inactive,Class A (Rhodopsin),Train
4ZUD,Inactive,Class A (Rhodopsin),Train
4ZWJ,Active,Class A (Rhodopsin),Train
5A8E,Inactive,Class A (Rhodopsin),Train
5C1M,Active,Class A (Rhodopsin),Train
5CGC,Inactive,Class C (Glutamate),Train
5CGD,Inactive,Class C (Glutamate),Train
5CXV,Inactive,Class A (Rhodopsin),Train
5D5A,Inactive,Class A (Rhodopsin),Train
5D5B,Inactive,Class A (Rhodopsin),Train
5D6L,Inactive,Class A (Rhodopsin),Train
5DGY,Active,Class A (Rhodopsin),Train
5DHG,Inactive,Class A (Rhodopsin),Train
5DHH,Inactive,Class A (Rhodopsin),Train
5DSG,Inactive,Class A (Rhodopsin),Train
5DYS,Active,Class A (Rhodopsin),Train
5EE7,Inactive,Class B1 (Secretin),Train
5EN0,Active,Class A (Rhodopsin),Train
5F8U,Inactive,Class A (Rhodopsin),Train
5G53,Active,Class A (Rhodopsin),Train
5GLH,Inactive,Class A (Rhodopsin),Train
5GLI,Inactive,Class A (Rhodopsin),Train
5IU4,Inactive,Class A (Rhodopsin),Train
5IU7,Inactive,Class A (Rhodopsin),Train
5IU8,Inactive,Class A (Rhodopsin),Train
5IUA,Inactive,Class A (Rhodopsin),Train
5IUB,Inactive,Class A (Rhodopsin),Train
5JQH,Inactive,Class A (Rhodopsin),Train
5JTB,Inactive,Class A (Rhodopsin),Train
5K2A,Inactive,Class A (Rhodopsin),Train
5K2B,Inactive,Class A (Rhodopsin),Train
5K2C,Inactive,Class A (Rhodopsin),Train
5K2D,Inactive,Class A (Rhodopsin),Train
5KW2,Active,Class A (Rhodopsin),Train
5L7D,Inactive,Class F (Frizzled),Train
5L7I,Inactive,Class F (Frizzled),Train
5LWE,Inactive,Class A (Rhodopsin),Train
5MZJ,Inactive,Class A (Rhodopsin),Train
5MZP,Inactive,Class A (Rhodopsin),Train
5N2R,Inactive,Class A (Rhodopsin),Train
5N2S,Inactive,Class A (Rhodopsin),Train
5NDD,Active,Class A (Rhodopsin),Train
5NDZ,Active,Class A (Rhodopsin),Train
5NJ6,Active,Class A (Rhodopsin),Train
5NLX,Inactive,Class A (Rhodopsin),Train
5NM2,Inactive,Class A (Rhodopsin),Train
5NM4,Inactive,Class A (Rhodopsin),Train
5O9H,Inactive,Class A (Rhodopsin),Train
5OLG,Inactive,Class A (Rhodopsin),Train
5OLH,Inactive,Class A (Rhodopsin),Train
5OLO,Inactive,Class A (Rhodopsin),Train
5OLV,Inactive,Class A (Rhodopsin),Train
5OLZ,Inactive,Class A (Rhodopsin),Train
5OM1,Inactive,Class A (Rhodopsin),Train
5OM4,Inactive,Class A (Rhodopsin),Train
5T04,Active,Class A (Rhodopsin),Train
5T1A,Inactive,Class A (Rhodopsin),Train
5TE3,Active,Class A (Rhodopsin),Train
5TE5,Inactive,Class A (Rhodopsin),Train
5TGZ,Inactive,Class A (Rhodopsin),Train
5TUD,Active,Class A (Rhodopsin),Train
5TZR,Active,Class A (Rhodopsin),Train
5TZY,Active,Class A (Rhodopsin),Train
5U09,Inactive,Class A (Rhodopsin),Train
5UEN,Inactive,Class A (Rhodopsin),Train
5UIG,Inactive,Class A (Rhodopsin),Train
5UIW,Inactive,Class A (Rhodopsin),Train
5UNF,Active,Class A (Rhodopsin),Train
5UNG,Active,Class A (Rhodopsin),Train
5UNH,Active,Class A (Rhodopsin),Train
5UVI,Inactive,Class A (Rhodopsin),Train
5UZ7,Active,Class B1 (Secretin),Train
5V54,Inactive,Class A (Rhodopsin),Train
5V56,Inactive,Class F (Frizzled),Train
5V57,Inactive,Class F (Frizzled),Train
5VAI,Active,Class B1 (Secretin),Train
5VBL,Inactive,Class A (Rhodopsin),Train
5VEW,Inactive,Class B1 (Secretin),Train
5VEX,Inactive,Class B1 (Secretin),Train
5VRA,Inactive,Class A (Rhodopsin),Train
5W0P,Active,Class A (Rhodopsin),Train
5WB1,Active,Class A (Rhodopsin),Train
5WB2,Active,Class A (Rhodopsin),Train
5WF5,Active,Class A (Rhodopsin),Train
5WF6,Active,Class A (Rhodopsin),Train
5WIU,Inactive,Class A (Rhodopsin),Train
5WIV,Inactive,Class A (Rhodopsin),Train
5WKT,Active,Class A (Rhodopsin),Train
5WQC,Inactive,Class A (Rhodopsin),Train
5WS3,Inactive,Class A (Rhodopsin),Train
5X33,Inactive,Class A (Rhodopsin),Train
5X7D,Inactive,Class A (Rhodopsin),Train
5X93,Inactive,Class A (Rhodopsin),Train
5XEZ,Inactive,Class B1 (Secretin),Train
5XF1,Inactive,Class B1 (Secretin),Train
5XJM,Active,Class A (Rhodopsin),Train
5XPR,Inactive,Class A (Rhodopsin),Train
5XR8,Active,Class A (Rhodopsin),Train
5XRA,Active,Class A (Rhodopsin),Train
5XSZ,Active,Class A (Rhodopsin),Train
5YC8,Inactive,Class A (Rhodopsin),Train
5YHL,Inactive,Class A (Rhodopsin),Train
5YQZ,Inactive,Class B1 (Secretin),Train
5YWY,Inactive,Class A (Rhodopsin),Train
5ZBH,Inactive,Class A (Rhodopsin),Train
5ZBQ,Inactive,Class A (Rhodopsin),Train
5ZHP,Inactive,Class A (Rhodopsin),Train
5ZK3,Inactive,Class A (Rhodopsin),Train
5ZK8,Inactive,Class A (Rhodopsin),Train
5ZKB,Inactive,Class A (Rhodopsin),Train
5ZKC,Inactive,Class A (Rhodopsin),Train
5ZKQ,Active,Class A (Rhodopsin),Train
5ZTY,Inactive,Class A (Rhodopsin),Train
6A93,Inactive,Class A (Rhodopsin),Train
6A94,Inactive,Class A (Rhodopsin),Train
6AK3,Active,Class A (Rhodopsin),Train
6AKX,Inactive,Class A (Rhodopsin),Train
6AKY,Inactive,Class A (Rhodopsin),Train
6AQF,Inactive,Class A (Rhodopsin),Train
6B3J,Active,Class B1 (Secretin),Train
6B73,Active,Class A (Rhodopsin),Train
6BD4,Inactive,Class F (Frizzled),Train
6BQG,Active,Class A (Rhodopsin),Train
6BQH,Inactive,Class A (Rhodopsin),Train
6C1Q,Inactive,Class A (Rhodopsin),Train
6C1R,Inactive,Class A (Rhodopsin),Train
6CM4,Inactive,Class A (Rhodopsin),Train
6CMO,Active,Class A (Rhodopsin),Train
6D26,Inactive,Class A (Rhodopsin),Train
6D27,Inactive,Class A (Rhodopsin),Train
6D32,Active,Class F (Frizzled),Train
6D35,Active,Class F (Frizzled),Train
6D9H,Active,Class A (Rhodopsin),Train
6DDE,Active,Class A (Rhodopsin),Train
6DDF,Active,Class A (Rhodopsin),Train
6DO1,Active,Class A (Rhodopsin),Train
6E3Y,Active,Class B1 (Secretin),Train
6E59,Inactive,Class A (Rhodopsin),Train
6E67,Active,Class A (Rhodopsin),Train
6FFH,Inactive,Class C (Glutamate),Train
6FFI,Inactive,Class C (Glutamate),Train
6FJ3,Inactive,Class B1 (Secretin),Train
6FK6,Active,Class A (Rhodopsin),Train
6FK7,Active,Class A (Rhodopsin),Train
6FK8,Active,Class A (Rhodopsin),Train
6FK9,Active,Class A (Rhodopsin),Train
6FKA,Active,Class A (Rhodopsin),Train
6FKB,Active,Class A (Rhodopsin),Train
6FKC,Active,Class A (Rhodopsin),Train
6FKD,Active,Class A (Rhodopsin),Train
6FUF,Active,Class A (Rhodopsin),Train
6G79,Active,Class A (Rhodopsin),Train
6GDG,Active,Class A (Rhodopsin),Train
6GPS,Inactive,Class A (Rhodopsin),Train
6GPX,Inactive,Class A (Rhodopsin),Train
6GT3,Inactive,Class A (Rhodopsin),Train
6H7J,Active,Class A (Rhodopsin),Train
6H7L,Active,Class A (Rhodopsin),Train
6H7M,Active,Class A (Rhodopsin),Train
6H7N,Active,Class A (Rhodopsin),Train
6H7O,Active,Class A (Rhodopsin),Train
6HLL,Inactive,Class A (Rhodopsin),Train
6HLO,Inactive,Class A (Rhodopsin),Train
6HLP,Inactive,Class A (Rhodopsin),Train
6I9K,Inactive,Class A (Rhodopsin),Train
6IBB,Active,Class A (Rhodopsin),Train
6IBL,Active,Class A (Rhodopsin),Train
6IGK,Inactive,Class A (Rhodopsin),Train
6IGL,Inactive,Class A (Rhodopsin),Train
6IIU,Inactive,Class A (Rhodopsin),Train
6IIV,Inactive,Class A (Rhodopsin),Train
6IQL,Inactive,Class A (Rhodopsin),Train
6J20,Inactive,Class A (Rhodopsin),Train
6J21,Inactive,Class A (Rhodopsin),Train
6JOD,Active,Class A (Rhodopsin),Train
6JZH,Inactive,Class A (Rhodopsin),Train
6K1Q,Inactive,Class A (Rhodopsin),Train
6K41,Active,Class A (Rhodopsin),Train
6K42,Active,Class A (Rhodopsin),Train
6KJV,Inactive,Class B1 (Secretin),Train
6KK1,Inactive,Class B1 (Secretin),Train
6KK7,Inactive,Class B1 (Secretin),Train
6KNM,Inactive,Class A (Rhodopsin),Train
6KO5,Inactive,Class A (Rhodopsin),Train
6KP6,Inactive,Class A (Rhodopsin),Train
6KPC,Inactive,Class A (Rhodopsin),Train
6KPF,Active,Class A (Rhodopsin),Train
6KPG,Active,Class A (Rhodopsin),Train
6KQI,Inactive,Class A (Rhodopsin),Train
6KUW,Inactive,Class A (Rhodopsin),Train
6KUX,Inactive,Class A (Rhodopsin),Train
6KUY,Inactive,Class A (Rhodopsin),Train
6LFL,Inactive,Class A (Rhodopsin),Train
6LFM,Active,Class A (Rhodopsin),Train
6LFO,Active,Class A (Rhodopsin),Train
6LI0,Inactive,Class A (Rhodopsin),Train
6LI1,Inactive,Class A (Rhodopsin),Train
6LI2,Inactive,Class A (Rhodopsin),Train
6LI3,Active,Class A (Rhodopsin),Train
6LMK,Active,Class B1 (Secretin),Train
6LML,Active,Class B1 (Secretin),Train
6LN2,Inactive,Class B1 (Secretin),Train
6LPB,Active,Class B1 (Secretin),Train
6LPJ,Inactive,Class A (Rhodopsin),Train
6LPK,Inactive,Class A (Rhodopsin),Train
6LPL,Inactive,Class A (Rhodopsin),Train
6LRY,Inactive,Class A (Rhodopsin),Train
6LUQ,Inactive,Class A (Rhodopsin),Train
6LW5,Active,Class A (Rhodopsin),Train
6M1H,Active,Class B1 (Secretin),Train
6M1I,Active,Class B1 (Secretin),Train
6M9T,Active,Class A (Rhodopsin),Train
6ME2,Inactive,Class A (Rhodopsin),Train
6ME3,Inactive,Class A (Rhodopsin),Train
6ME4,Inactive,Class A (Rhodopsin),Train
6ME5,Inactive,Class A (Rhodopsin),Train
6ME6,Inactive,Class A (Rhodopsin),Train
6ME7,Inactive,Class A (Rhodopsin),Train
6ME8,Inactive,Class A (Rhodopsin),Train
6ME9,Inactive,Class A (Rhodopsin),Train
6MEO,Inactive,Class A (Rhodopsin),Train
6MET,Inactive,Class A (Rhodopsin),Train
6MH8,Inactive,Class A (Rhodopsin),Train
6MXT,Active,Class A (Rhodopsin),Train
6N48,Active,Class A (Rhodopsin),Train
6N4B,Active,Class A (Rhodopsin),Train
6N52,Inactive,Class C (Glutamate),Train
6NBF,Active,Class B1 (Secretin),Train
6NBH,Active,Class B1 (Secretin),Train
6NBI,Active,Class B1 (Secretin),Train
6NI3,Active,Class A (Rhodopsin),Train
6NIY,Active,Class B1 (Secretin),Train
6NWE,Active,Class A (Rhodopsin),Train
6O3C,Active,Class F (Frizzled),Train
6OBA,Inactive,Class A (Rhodopsin),Train
6OFJ,Inactive,Class A (Rhodopsin),Train
6OIJ,Active,Class A (Rhodopsin),Train
6OIK,Active,Class A (Rhodopsin),Train
6OL9,Inactive,Class A (Rhodopsin),Train
6OMM,Active,Class A (Rhodopsin),Train
6OS0,Active,Class A (Rhodopsin),Train
6OS1,Active,Class A (Rhodopsin),Train
6OS2,Active,Class A (Rhodopsin),Train
6OS9,Active,Class A (Rhodopsin),Train
6OSA,Active,Class A (Rhodopsin),Train
6OT0,Active,Class F (Frizzled),Train
6OY9,Active,Class A (Rhodopsin),Train
6OYA,Active,Class A (Rhodopsin),Train
6P9X,Active,Class B1 (Secretin),Train
6P9Y,Active,Class B1 (Secretin),Train
6PB0,Active,Class B1 (Secretin),Train
6PB1,Active,Class B1 (Secretin),Train
6PEL,Active,Class A (Rhodopsin),Train
6PGS,Active,Class A (Rhodopsin),Train
6PH7,Active,Class A (Rhodopsin),Train
6PRZ,Inactive,Class A (Rhodopsin),Train
6PS0,Inactive,Class A (Rhodopsin),Train
6PS1,Inactive,Class A (Rhodopsin),Train
6PS2,Inactive,Class A (Rhodopsin),Train
6PS3,Inactive,Class A (Rhodopsin),Train
6PS4,Inactive,Class A (Rhodopsin),Train
6PS5,Inactive,Class A (Rhodopsin),Train
6PS6,Inactive,Class A (Rhodopsin),Train
6PS7,Inactive,Class A (Rhodopsin),Train
6PS8,Inactive,Class A (Rhodopsin),Train
6PT0,Active,Class A (Rhodopsin),Train
6PT2,Active,Class A (Rhodopsin),Train
6PT3,Active,Class A (Rhodopsin),Train
6PWC,Active,Class A (Rhodopsin),Train
6QNO,Active,Class A (Rhodopsin),Train
6QZH,Inactive,Class A (Rhodopsin),Train
6RNK,Active,Class A (Rhodopsin),Train
6RZ4,Active,Class A (Rhodopsin),Train
6RZ5,Active,Class A (Rhodopsin),Train
6RZ6,Active,Class A (Rhodopsin),Train
6RZ7,Active,Class A (Rhodopsin),Train
6RZ8,Active,Class A (Rhodopsin),Train
6RZ9,Active,Class A (Rhodopsin),Train
6S0L,Inactive,Class A (Rhodopsin),Train
6S0Q,Inactive,Class A (Rhodopsin),Train
6TKO,Active,Class A (Rhodopsin),Train
6TO7,Inactive,Class A (Rhodopsin),Train
6TOD,Inactive,Class A (Rhodopsin),Train
6TOS,Inactive,Class A (Rhodopsin),Train
6TOT,Inactive,Class A (Rhodopsin),Train
6TP3,Inactive,Class A (Rhodopsin),Train
6TP4,Inactive,Class A (Rhodopsin),Train
6TP6,Inactive,Class A (Rhodopsin),Train
6TPG,Inactive,Class A (Rhodopsin),Train
6TPJ,Inactive,Class A (Rhodopsin),Train
6TPK,Inactive,Class A (Rhodopsin),Train
6TPN,Inactive,Class A (Rhodopsin),Train
6TQ4,Inactive,Class A (Rhodopsin),Train
6TQ6,Inactive,Class A (Rhodopsin),Train
6TQ7,Inactive,Class A (Rhodopsin),Train
6TQ9,Inactive,Class A (Rhodopsin),Train
6U1N,Active,Class A (Rhodopsin),Train
6UO8,Active,Class C (Glutamate),Train
6UP7,Active,Class A (Rhodopsin),Train
6UUN,Active,Class B1 (Secretin),Train
6UUS,Active,Class B1 (Secretin),Train
6UVA,Active,Class B1 (Secretin),Train
6V9S,Inactive,Class A (Rhodopsin),Train
6VCB,Active,Class B1 (Secretin),Train
6VI4,Inactive,Class A (Rhodopsin),Train
6VJM,Inactive,Class C (Glutamate),Train
6VMS,Active,Class A (Rhodopsin),Train
6VN7,Active,Class B1 (Secretin),Train
6W2X,Inactive,Class C (Glutamate),Train
6W2Y,Inactive,Class C (Glutamate),Train
6WGT,Inactive,Class A (Rhodopsin),Train
6WH4,Inactive,Class A (Rhodopsin),Train
6WHA,Active,Class A (Rhodopsin),Train
6WHC,Active,Class B1 (Secretin),Train
6WI9,Active,Class B1 (Secretin),Train
6WIV,Inactive,Class C (Glutamate),Train
6WJC,Inactive,Class A (Rhodopsin),Train
6WPW,Active,Class B1 (Secretin),Train
6WQA,Inactive,Class A (Rhodopsin),Train
6WW2,Inactive,Class F (Frizzled),Train
6WWZ,Active,Class A (Rhodopsin),Train
6WZG,Active,Class B1 (Secretin),Train
6X18,Active,Class B1 (Secretin),Train
6X19,Active,Class B1 (Secretin),Train
6X1A,Active,Class B1 (Secretin),Train
6XBJ,Active,Class F (Frizzled),Train
6XBK,Active,Class F (Frizzled),Train
6XBL,Active,Class F (Frizzled),Train
6XBM,Active,Class F (Frizzled),Train
6XOX,Active,Class B1 (Secretin),Train
6Z10,Active,Class A (Rhodopsin),Train
6ZDR,Inactive,Class A (Rhodopsin),Train
6ZDV,Inactive,Class A (Rhodopsin),Train
6ZFZ,Inactive,Class A (Rhodopsin),Train
6ZG4,Inactive,Class A (Rhodopsin),Train
6ZG9,Inactive,Class A (Rhodopsin),Train
7AD3,Active,Class D1 (Ste2-like fungal pheromone),Train
7ARO,Inactive,Class A (Rhodopsin),Train
7AUE,Active,Class A (Rhodopsin),Train
7BB6,Active,Class A (Rhodopsin),Train
7BB7,Active,Class A (Rhodopsin),Train
7BR3,Inactive,Class A (Rhodopsin),Train
7BTS,Active,Class A (Rhodopsin),Train
7BU6,Active,Class A (Rhodopsin),Train
7BU7,Active,Class A (Rhodopsin),Train
7BVQ,Inactive,Class A (Rhodopsin),Train
7BW0,Active,Class A (Rhodopsin),Train
7BZ2,Active,Class A (Rhodopsin),Train
7C2E,Active,Class B1 (Secretin),Train
7C4S,Active,Class A (Rhodopsin),Train
7C61,Inactive,Class A (Rhodopsin),Train
7C6A,Active,Class A (Rhodopsin),Train
7C7Q,Active,Class C (Glutamate),Train
7C7S,Inactive,Class C (Glutamate),Train
7CA3,Active,Class C (Glutamate),Train
7CA5,Inactive,Class C (Glutamate),Train
7CFM,Active,Class A (Rhodopsin),Train
7CFN,Active,Class A (Rhodopsin),Train
7CKW,Active,Class A (Rhodopsin),Train
7CKX,Active,Class A (Rhodopsin),Train
7CKY,Active,Class A (Rhodopsin),Train
7CKZ,Active,Class A (Rhodopsin),Train
7CMU,Active,Class A (Rhodopsin),Train
7CMV,Active,Class A (Rhodopsin),Train
7CRH,Active,Class A (Rhodopsin),Train
7CUM,Inactive,Class C (Glutamate),Train
7CX2,Active,Class A (Rhodopsin),Train
7CX3,Active,Class A (Rhodopsin),Train
7CX4,Active,Class A (Rhodopsin),Train
7CZ5,Active,Class B1 (Secretin),Train
7D3S,Active,Class B1 (Secretin),Train
7D68,Active,Class B1 (Secretin),Train
7D76,Active,Class B2 (Adhesion),Train
7D77,Active,Class B2 (Adhesion),Train
7D7M,Active,Class A (Rhodopsin),Train
7DB6,Active,Class A (Rhodopsin),Train
7DD5,Inactive,Class C (Glutamate),Train
7DD6,Active,Class C (Glutamate),Train
7DD7,Active,Class C (Glutamate),Train
7DDZ,Inactive,Class A (Rhodopsin),Train
7DFL,Active,Class A (Rhodopsin),Train
7DFP,Inactive,Class A (Rhodopsin),Train
7DGD,Inactive,Class C (Glutamate),Train
7DH5,Active,Class A (Rhodopsin),Train
7DHI,Active,Class A (Rhodopsin),Train
7DHR,Active,Class A (Rhodopsin),Train
7DTT,Active,Class C (Glutamate),Train
7DTV,Active,Class C (Glutamate),Train
7DTW,Inactive,Class C (Glutamate),Train
7DTY,Active,Class B1 (Secretin),Train
7DUQ,Active,Class B1 (Secretin),Train
7DUR,Active,Class B1 (Secretin),Train
7DW9,Active,Class A (Rhodopsin),Train
7E14,Active,Class B1 (Secretin),Train
7E2X,Active,Class A (Rhodopsin),Train
7E2Y,Active,Class A (Rhodopsin),Train
7E2Z,Active,Class A (Rhodopsin),Train
7E32,Active,Class A (Rhodopsin),Train
7E33,Active,Class A (Rhodopsin),Train
7E6T,Active,Class C (Glutamate),Train
7E6U,Inactive,Class C (Glutamate),Train
7EB2,Active,Class C (Glutamate),Train
7EIB,Active,Class A (Rhodopsin),Train
7EJ0,Active,Class A (Rhodopsin),Train
7EJ8,Active,Class A (Rhodopsin),Train
7EJA,Active,Class A (Rhodopsin),Train
7EJK,Active,Class A (Rhodopsin),Train
7EJX,Active,Class A (Rhodopsin),Train
7EO2,Active,Class A (Rhodopsin),Train
7EO4,Active,Class A (Rhodopsin),Train
7EPB,Active,Class C (Glutamate),Train
7EPC,Inactive,Class C (Glutamate),Train
7EPD,Inactive,Class C (Glutamate),Train
7EPE,Inactive,Class C (Glutamate),Train
7EPF,Inactive,Class C (Glutamate),Train
7EPT,Active,Class B2 (Adhesion),Train
7EQ1,Active,Class B2 (Adhesion),Train
7EUO,Active,Class A (Rhodopsin),Train
7EVM,Active,Class B1 (Secretin),Train
7EVW,Active,Class F (Frizzled),Train
7EVY,Active,Class A (Rhodopsin),Train
7EVZ,Active,Class A (Rhodopsin),Train
7EW0,Active,Class A (Rhodopsin),Train
7EW1,Active,Class A (Rhodopsin),Train
7EW2,Active,Class A (Rhodopsin),Train
7EW3,Active,Class A (Rhodopsin),Train
7EW4,Active,Class A (Rhodopsin),Train
7EW7,Active,Class A (Rhodopsin),Train
7EWL,Inactive,Class C (Glutamate),Train
7EWP,Inactive,Class C (Glutamate),Train
7EWR,Inactive,Class C (Glutamate),Train
7EXD,Active,Class A (Rhodopsin),Train
7EZC,Active,Class A (Rhodopsin),Train
7EZH,Active,Class A (Rhodopsin),Train
7EZK,Active,Class A (Rhodopsin),Train
7EZM,Active,Class A (Rhodopsin),Train
7F0T,Active,Class A (Rhodopsin),Train
7F16,Active,Class B1 (Secretin),Train
7F1O,Active,Class A (Rhodopsin),Train
7F1Q,Active,Class A (Rhodopsin),Train
7F1R,Active,Class A (Rhodopsin),Train
7F1S,Active,Class A (Rhodopsin),Train
7F1T,Inactive,Class A (Rhodopsin),Train
7F1Z,Active,Class A (Rhodopsin),Train
7F23,Active,Class A (Rhodopsin),Train
7F24,Active,Class A (Rhodopsin),Train
7F2O,Active,Class A (Rhodopsin),Train
7F4D,Active,Class A (Rhodopsin),Train
7F4F,Active,Class A (Rhodopsin),Train
7F4H,Active,Class A (Rhodopsin),Train
7F4I,Active,Class A (Rhodopsin),Train
7F53,Active,Class A (Rhodopsin),Train
7F54,Active,Class A (Rhodopsin),Train
7F55,Active,Class A (Rhodopsin),Train
7F58,Active,Class A (Rhodopsin),Train
7F61,Inactive,Class A (Rhodopsin),Train
7F6H,Active,Class A (Rhodopsin),Train
7F6I,Active,Class A (Rhodopsin),Train
7F83,Inactive,Class A (Rhodopsin),Train
7F8U,Inactive,Class A (Rhodopsin),Train
7F8V,Active,Class A (Rhodopsin),Train
7F8W,Active,Class A (Rhodopsin),Train
7F8X,Inactive,Class A (Rhodopsin),Train
7F8Y,Inactive,Class A (Rhodopsin),Train
7F9Y,Active,Class A (Rhodopsin),Train
7F9Z,Active,Class A (Rhodopsin),Train
7FD8,Active,Class C (Glutamate),Train
7FD9,Inactive,Class C (Glutamate),Train
7FEE,Inactive,Class A (Rhodopsin),Train
7FIG,Active,Class A (Rhodopsin),Train
7FIH,Active,Class A (Rhodopsin),Train
7FII,Active,Class A (Rhodopsin),Train
7FIJ,Inactive,Class A (Rhodopsin),Train
7FIM,Active,Class B1 (Secretin),Train
7FIN,Active,Class B1 (Secretin),Train
7FIY,Active,Class B1 (Secretin),Train
7JHJ,Active,Class A (Rhodopsin),Train
7JJO,Active,Class A (Rhodopsin),Train
7JNI,Active,Class A (Rhodopsin),Train
7JOZ,Active,Class A (Rhodopsin),Train
7JV5,Active,Class A (Rhodopsin),Train
7JVP,Active,Class A (Rhodopsin),Train
7JVQ,Active,Class A (Rhodopsin),Train
7JVR,Active,Class A (Rhodopsin),Train
7K15,Inactive,Class A (Rhodopsin),Train
7KH0,Active,Class A (Rhodopsin),Train
7KI0,Active,Class B1 (Secretin),Train
7KI1,Active,Class B1 (Secretin),Train
7KNT,Inactive,Class B1 (Secretin),Train
7KNU,Inactive,Class B1 (Secretin),Train
7L0P,Active,Class A (Rhodopsin),Train
7L0Q,Active,Class A (Rhodopsin),Train
7L0R,Active,Class A (Rhodopsin),Train
7L0S,Active,Class A (Rhodopsin),Train
7L1U,Active,Class A (Rhodopsin),Train
7L1V,Active,Class A (Rhodopsin),Train
7LCI,Active,Class B1 (Secretin),Train
7LCJ,Active,Class B1 (Secretin),Train
7LCK,Active,Class B1 (Secretin),Train
7LD3,Active,Class A (Rhodopsin),Train
7LD4,Active,Class A (Rhodopsin),Train
7LJC,Active,Class A (Rhodopsin),Train
7LJD,Active,Class A (Rhodopsin),Train
7LLL,Active,Class B1 (Secretin),Train
7LLY,Active,Class B1 (Secretin),Train
7M3E,Inactive,Class C (Glutamate),Train
7M3F,Active,Class C (Glutamate),Train
7M3G,Active,Class C (Glutamate),Train
7M3J,Inactive,Class C (Glutamate),Train
7M8W,Inactive,Class A (Rhodopsin),Train
7MBX,Active,Class A (Rhodopsin),Train
7MBY,Active,Class A (Rhodopsin),Train
7MT8,Active,Class A (Rhodopsin),Train
7MT9,Active,Class A (Rhodopsin),Train
7MTA,Active,Class A (Rhodopsin),Train
7MTB,Active,Class A (Rhodopsin),Train
7MTQ,Inactive,Class C (Glutamate),Train
7MTR,Active,Class C (Glutamate),Train
7MTS,Active,Class C (Glutamate),Train
7NA7,Active,Class A (Rhodopsin),Train
7NA8,Active,Class A (Rhodopsin),Train
7O7F,Active,Class A (Rhodopsin),Train
7P00,Active,Class A (Rhodopsin),Train
7P02,Active,Class A (Rhodopsin),Train
7P2L,Inactive,Class C (Glutamate),Train
7PIU,Active,Class A (Rhodopsin),Train
7PIV,Active,Class A (Rhodopsin),Train
7PX4,Inactive,Class A (Rhodopsin),Train
7PYR,Inactive,Class A (Rhodopsin),Train
7QVM,Active,Class A (Rhodopsin),Train
7R0C,Active,Class A (Rhodopsin),Train
7RA3,Active,Class B1 (Secretin),Train
7RAN,Active,Class A (Rhodopsin),Train
7RBT,Active,Class B1 (Secretin),Train
7RG9,Active,Class B1 (Secretin),Train
7RGP,Active,Class B1 (Secretin),Train
7RKF,Active,Class A (Rhodopsin),Train
7RKM,Active,Class A (Rhodopsin),Train
7RKN,Active,Class A (Rhodopsin),Train
7RM5,Inactive,Class A (Rhodopsin),Train
7RMG,Active,Class A (Rhodopsin),Train
7RMH,Active,Class A (Rhodopsin),Train
7RMI,Active,Class A (Rhodopsin),Train
7RTB,Active,Class B1 (Secretin),Train
7RYC,Active,Class A (Rhodopsin),Train
7S0F,Active,Class A (Rhodopsin),Train
7S0G,Active,Class A (Rhodopsin),Train
7S15,Active,Class B1 (Secretin),Train
7S1M,Active,Class B1 (Secretin),Train
7S3I,Active,Class B1 (Secretin),Train
7S8L,Active,Class A (Rhodopsin),Train
7S8M,Active,Class A (Rhodopsin),Train
7S8N,Active,Class A (Rhodopsin),Train
7S8O,Active,Class A (Rhodopsin),Train
7S8P,Active,Class A (Rhodopsin),Train
7SBF,Active,Class A (Rhodopsin),Train
7SCG,Active,Class A (Rhodopsin),Train
7SF7,Active,Class B2 (Adhesion),Train
7SF8,Active,Class B2 (Adhesion),Train
7SHE,Inactive,Class C (Glutamate),Train
7SHF,Inactive,Class C (Glutamate),Train
7SIL,Active,Class C (Glutamate),Train
7SIM,Active,Class C (Glutamate),Train
7SIN,Inactive,Class C (Glutamate),Train
7SK3,Active,Class A (Rhodopsin),Train
7SK4,Active,Class A (Rhodopsin),Train
7SK5,Active,Class A (Rhodopsin),Train
7SK6,Active,Class A (Rhodopsin),Train
7SK7,Active,Class A (Rhodopsin),Train
7SK8,Active,Class A (Rhodopsin),Train
7SK9,Active,Class A (Rhodopsin),Train
7SQO,Active,Class A (Rhodopsin),Train
7SR8,Active,Class A (Rhodopsin),Train
7SRR,Active,Class A (Rhodopsin),Train
7SRS,Active,Class A (Rhodopsin),Train
7SUS,Inactive,Class A (Rhodopsin),Train
7T10,Active,Class A (Rhodopsin),Train
7T11,Active,Class A (Rhodopsin),Train
7T2G,Active,Class A (Rhodopsin),Train
7T2H,Active,Class A (Rhodopsin),Train
7T32,Inactive,Class A (Rhodopsin),Train
7T6B,Active,Class A (Rhodopsin),Train
7T6S,Active,Class A (Rhodopsin),Train
7T6T,Active,Class A (Rhodopsin),Train
7T6U,Active,Class A (Rhodopsin),Train
7T6V,Active,Class A (Rhodopsin),Train
7T9I,Active,Class A (Rhodopsin),Train
7T9M,Inactive,Class A (Rhodopsin),Train
7T9N,Active,Class A (Rhodopsin),Train
7TD0,Active,Class A (Rhodopsin),Train
7TD1,Active,Class A (Rhodopsin),Train
7TD2,Active,Class A (Rhodopsin),Train
7TD3,Active,Class A (Rhodopsin),Train
7TD4,Active,Class A (Rhodopsin),Train
7TRY,Active,Class B1 (Secretin),Train
7TS0,Active,Class B1 (Secretin),Train
7TUY,Active,Class A (Rhodopsin),Train
7TUZ,Active,Class A (Rhodopsin),Train
7TYF,Active,Class B1 (Secretin),Train
7TYH,Active,Class B1 (Secretin),Train
7TYI,Active,Class B1 (Secretin),Train
7TYL,Active,Class B1 (Secretin),Train
7TYN,Active,Class B1 (Secretin),Train
7TYO,Active,Class B1 (Secretin),Train
7TYW,Active,Class B1 (Secretin),Train
7TYX,Active,Class B1 (Secretin),Train
7TYY,Active,Class B1 (Secretin),Train
7TZF,Active,Class B1 (Secretin),Train
7U2K,Active,Class A (Rhodopsin),Train
7U2L,Active,Class A (Rhodopsin),Train
7UL2,Inactive,Class A (Rhodopsin),Train
7UL3,Inactive,Class A (Rhodopsin),Train
7UL4,Inactive,Class A (Rhodopsin),Train
7UL5,Inactive,Class A (Rhodopsin),Train
7UM4,Inactive,Class A (Rhodopsin),Train
7UM5,Active,Class A (Rhodopsin),Train
7UM6,Active,Class A (Rhodopsin),Train
7UM7,Active,Class A (Rhodopsin),Train
7UTZ,Active,Class A (Rhodopsin),Train
7V35,Active,Class B1 (Secretin),Train
7V3Z,Active,Class A (Rhodopsin),Train
7V68,Active,Class A (Rhodopsin),Train
7V69,Active,Class A (Rhodopsin),Train
7V6A,Active,Class A (Rhodopsin),Train
7V9L,Active,Class B1 (Secretin),Train
7V9M,Active,Class B1 (Secretin),Train
7VAB,Active,Class B1 (Secretin),Train
7VBH,Active,Class B1 (Secretin),Train
7VBI,Active,Class B1 (Secretin),Train
7VDH,Active,Class A (Rhodopsin),Train
7VDL,Active,Class A (Rhodopsin),Train
7VDM,Active,Class A (Rhodopsin),Train
7VFX,Active,Class A (Rhodopsin),Train
7VGX,Active,Class A (Rhodopsin),Train
7VGY,Active,Class A (Rhodopsin),Train
7VGZ,Active,Class A (Rhodopsin),Train
7VH0,Active,Class A (Rhodopsin),Train
7VIE,Active,Class A (Rhodopsin),Train
7VIF,Active,Class A (Rhodopsin),Train
7VIG,Active,Class A (Rhodopsin),Train
7VIH,Active,Class A (Rhodopsin),Train
7VKT,Active,Class A (Rhodopsin),Train
7VL8,Active,Class A (Rhodopsin),Train
7VL9,Active,Class A (Rhodopsin),Train
7VLA,Active,Class A (Rhodopsin),Train
7VOD,Inactive,Class A (Rhodopsin),Train
7VOE,Inactive,Class A (Rhodopsin),Train
7VQX,Active,Class B1 (Secretin),Train
7VUG,Active,Class A (Rhodopsin),Train
7VUH,Active,Class A (Rhodopsin),Train
7VUI,Active,Class A (Rhodopsin),Train
7VUJ,Active,Class A (Rhodopsin),Train
7VUY,Active,Class A (Rhodopsin),Train
7VUZ,Active,Class A (Rhodopsin),Train
7VV0,Active,Class A (Rhodopsin),Train
7VV3,Active,Class A (Rhodopsin),Train
7VV4,Active,Class A (Rhodopsin),Train
7VV5,Active,Class A (Rhodopsin),Train
7VV6,Active,Class A (Rhodopsin),Train
7VVJ,Active,Class B1 (Secretin),Train
7VVK,Active,Class B1 (Secretin),Train
7VVL,Active,Class B1 (Secretin),Train
7VVM,Active,Class B1 (Secretin),Train
7VVN,Active,Class B1 (Secretin),Train
7VVO,Active,Class B1 (Secretin),Train
7W0L,Active,Class A (Rhodopsin),Train
7W0M,Active,Class A (Rhodopsin),Train
7W0N,Active,Class A (Rhodopsin),Train
7W0O,Active,Class A (Rhodopsin),Train
7W0P,Active,Class A (Rhodopsin),Train
7W2Z,Active,Class A (Rhodopsin),Train
7W53,Active,Class A (Rhodopsin),Train
7W55,Active,Class A (Rhodopsin),Train
7W56,Active,Class A (Rhodopsin),Train
7W57,Active,Class A (Rhodopsin),Train
7W6P,Active,Class A (Rhodopsin),Train
7W7E,Active,Class A (Rhodopsin),Train
7WBJ,Active,Class B1 (Secretin),Train
7WC4,Inactive,Class A (Rhodopsin),Train
7WC5,Inactive,Class A (Rhodopsin),Train
7WC6,Inactive,Class A (Rhodopsin),Train
7WC7,Inactive,Class A (Rhodopsin),Train
7WC8,Inactive,Class A (Rhodopsin),Train
7WC9,Inactive,Class A (Rhodopsin),Train
7WCM,Active,Class A (Rhodopsin),Train
7WCN,Active,Class A (Rhodopsin),Train
7WF7,Active,Class A (Rhodopsin),Train
7WI6,Inactive,Class C (Glutamate),Train
7WI8,Inactive,Class C (Glutamate),Train
7WIC,Active,Class A (Rhodopsin),Train
7WIG,Active,Class A (Rhodopsin),Train
7WIH,Active,Class C (Glutamate),Train
7WJ5,Active,Class A (Rhodopsin),Train
7WKD,Active,Class A (Rhodopsin),Train
7WQ3,Active,Class A (Rhodopsin),Train
7WQ4,Active,Class A (Rhodopsin),Train
7WU2,Active,Class B2 (Adhesion),Train
7WU3,Active,Class B2 (Adhesion),Train
7WU4,Active,Class B2 (Adhesion),Train
7WU5,Active,Class B2 (Adhesion),Train
7WU9,Active,Class A (Rhodopsin),Train
7WUI,Active,Class B2 (Adhesion),Train
7WUJ,Active,Class B2 (Adhesion),Train
7WUQ,Active,Class B2 (Adhesion),Train
7WV9,Active,Class A (Rhodopsin),Train
7WVU,Active,Class A (Rhodopsin),Train
7WVV,Active,Class A (Rhodopsin),Train
7WVW,Active,Class A (Rhodopsin),Train
7WVX,Active,Class A (Rhodopsin),Train
7WVY,Active,Class A (Rhodopsin),Train
7WXU,Active,Class B2 (Adhesion),Train
7WXW,Active,Class B2 (Adhesion),Train
7WY0,Active,Class B2 (Adhesion),Train
7WY5,Active,Class B2 (Adhesion),Train
7WY8,Active,Class B2 (Adhesion),Train
7WYB,Active,Class B2 (Adhesion),Train
7WZ4,Active,Class A (Rhodopsin),Train
7WZ7,Active,Class B2 (Adhesion),Train
7X10,Active,Class B2 (Adhesion),Train
7X1T,Active,Class A (Rhodopsin),Train
7X1U,Active,Class A (Rhodopsin),Train
7X2C,Active,Class A (Rhodopsin),Train
7X2D,Active,Class A (Rhodopsin),Train
7X2F,Active,Class A (Rhodopsin),Train
7X2V,Active,Class B2 (Adhesion),Train
7X5H,Active,Class A (Rhodopsin),Train
7X8R,Active,Class B1 (Secretin),Train
7X8S,Active,Class B1 (Secretin),Train
7X9A,Active,Class A (Rhodopsin),Train
7X9B,Active,Class A (Rhodopsin),Train
7X9C,Active,Class A (Rhodopsin),Train
7X9Y,Active,Class A (Rhodopsin),Train
7XA3,Active,Class A (Rhodopsin),Train
7XAT,Active,Class A (Rhodopsin),Train
7XAU,Active,Class A (Rhodopsin),Train
7XAV,Active,Class A (Rhodopsin),Train
7XBD,Active,Class A (Rhodopsin),Train
7XBW,Active,Class A (Rhodopsin),Train
7XBX,Active,Class A (Rhodopsin),Train
7XJH,Active,Class A (Rhodopsin),Train
7XJI,Active,Class A (Rhodopsin),Train
7XJK,Active,Class A (Rhodopsin),Train
7XJL,Active,Class A (Rhodopsin),Train
7XKD,Active,Class B2 (Adhesion),Train
7XKE,Active,Class B2 (Adhesion),Train
7XKF,Active,Class B2 (Adhesion),Train
7XMR,Active,Class A (Rhodopsin),Train
7XMS,Active,Class A (Rhodopsin),Train
7XMT,Active,Class A (Rhodopsin),Train
7XN9,Inactive,Class A (Rhodopsin),Train
7XNA,Inactive,Class A (Rhodopsin),Train
7XOU,Active,Class A (Rhodopsin),Train
7XOV,Active,Class A (Rhodopsin),Train
7XOW,Active,Class A (Rhodopsin),Train
7XOX,Active,Class A (Rhodopsin),Train
7XP4,Active,Class T2 (Taste 2),Train
7XP5,Active,Class T2 (Taste 2),Train
7XP6,Active,Class T2 (Taste 2),Train
7XRR,Inactive,Class A (Rhodopsin),Train
7XT8,Active,Class A (Rhodopsin),Train
7XT9,Active,Class A (Rhodopsin),Train
7XTA,Active,Class A (Rhodopsin),Train
7XTB,Active,Class A (Rhodopsin),Train
7XTC,Active,Class A (Rhodopsin),Train
7XTQ,Active,Class A (Rhodopsin),Train
7XW5,Active,Class A (Rhodopsin),Train
7XW6,Active,Class A (Rhodopsin),Train
7XW9,Active,Class A (Rhodopsin),Train
7XZ5,Active,Class A (Rhodopsin),Train
7XZ6,Active,Class A (Rhodopsin),Train
7Y12,Active,Class A (Rhodopsin),Train
7Y15,Active,Class A (Rhodopsin),Train
7Y24,Active,Class A (Rhodopsin),Train
7Y26,Active,Class A (Rhodopsin),Train
7Y27,Active,Class A (Rhodopsin),Train
7Y89,Active,Class A (Rhodopsin),Train
7YP7,Active,Class B2 (Adhesion),Train
7YU3,Active,Class A (Rhodopsin),Train
7YU4,Active,Class A (Rhodopsin),Train
7YU5,Active,Class A (Rhodopsin),Train
7YU6,Active,Class A (Rhodopsin),Train
7YU7,Active,Class A (Rhodopsin),Train
7YU8,Active,Class A (Rhodopsin),Train
7YXA,Inactive,Class A (Rhodopsin),Train
7ZI0,Inactive,Class F (Frizzled),Train
8CU6,Inactive,Class A (Rhodopsin),Train
8CU7,Inactive,Class A (Rhodopsin),Train
8CXO,Inactive,Class F (Frizzled),Train
8DCR,Active,Class A (Rhodopsin),Train
8DCS,Active,Class A (Rhodopsin),Train
8DPF,Active,Class A (Rhodopsin),Train
8DPG,Active,Class A (Rhodopsin),Train
8DPH,Active,Class A (Rhodopsin),Train
8DPI,Active,Class A (Rhodopsin),Train
8DU3,Inactive,Class A (Rhodopsin),Train
8DWC,Active,Class A (Rhodopsin),Train
8DWG,Active,Class A (Rhodopsin),Train
8DWH,Active,Class A (Rhodopsin),Train
8E3X,Active,Class B1 (Secretin),Train
8E3Y,Active,Class B1 (Secretin),Train
8E3Z,Active,Class B1 (Secretin),Train
8E9W,Active,Class A (Rhodopsin),Train
8E9X,Active,Class A (Rhodopsin),Train
8E9Y,Active,Class A (Rhodopsin),Train
8E9Z,Active,Class A (Rhodopsin),Train
8EA0,Active,Class A (Rhodopsin),Train
8EF5,Active,Class A (Rhodopsin),Train
8EF6,Active,Class A (Rhodopsin),Train
8EFB,Active,Class A (Rhodopsin),Train
8EFL,Active,Class A (Rhodopsin),Train
8EFO,Active,Class A (Rhodopsin),Train
8EFQ,Active,Class A (Rhodopsin),Train
8F7Q,Active,Class A (Rhodopsin),Train
8F7R,Active,Class A (Rhodopsin),Train
8F7S,Active,Class A (Rhodopsin),Train
8F7W,Active,Class A (Rhodopsin),Train
8F7X,Active,Class A (Rhodopsin),Train
8HA0,Active,Class B1 (Secretin),Train
8HAF,Active,Class B1 (Secretin),Train
8HAO,Active,Class B1 (Secretin),Train
8ZFJ,Active,Class A (Rhodopsin),Train
7F6G,Active,Class A (Rhodopsin),Test
7T8X,Active,Class A (Rhodopsin),Test
7T90,Active,Class A (Rhodopsin),Test
7T94,Active,Class A (Rhodopsin),Test
7T96,Active,Class A (Rhodopsin),Test
7TMW,Active,Class A (Rhodopsin),Test
7TRK,Active,Class A (Rhodopsin),Test
7TRP,Active,Class A (Rhodopsin),Test
7TRQ,Active,Class A (Rhodopsin),Test
7TRS,Active,Class A (Rhodopsin),Test
7W3Z,Active,Class A (Rhodopsin),Test
7W40,Active,Class A (Rhodopsin),Test
7W41,Inactive,Class A (Rhodopsin),Test
7XJJ,Active,Class A (Rhodopsin),Test
7XK2,Active,Class A (Rhodopsin),Test
7XK8,Active,Class A (Rhodopsin),Test
7XK9,Active,Class A (Rhodopsin),Test
7XKA,Active,Class A (Rhodopsin),Test
7XV3,Active,Class A (Rhodopsin),Test
7XWO,Active,Class A (Rhodopsin),Test
7XXH,Active,Class A (Rhodopsin),Test
7XXI,Active,Class A (Rhodopsin),Test
7XY6,Active,Class A (Rhodopsin),Test
7XY7,Active,Class A (Rhodopsin),Test
7Y1F,Active,Class A (Rhodopsin),Test
7Y35,Active,Class B1 (Secretin),Test
7Y36,Active,Class B1 (Secretin),Test
7Y3G,Active,Class A (Rhodopsin),Test
7Y64,Active,Class A (Rhodopsin),Test
7Y65,Active,Class A (Rhodopsin),Test
7Y66,Active,Class A (Rhodopsin),Test
7Y67,Active,Class A (Rhodopsin),Test
7YAC,Active,Class A (Rhodopsin),Test
7YAE,Active,Class A (Rhodopsin),Test
7YDH,Active,Class B2 (Adhesion),Test
7YDJ,Active,Class B2 (Adhesion),Test
7YDM,Active,Class B2 (Adhesion),Test
7YDP,Active,Class B2 (Adhesion),Test
7YFC,Active,Class A (Rhodopsin),Test
7YFD,Active,Class A (Rhodopsin),Test
7YIT,Active,Class A (Rhodopsin),Test
7YJ4,Active,Class A (Rhodopsin),Test
7YK6,Active,Class A (Rhodopsin),Test
7YK7,Active,Class A (Rhodopsin),Test
7YKD,Active,Class A (Rhodopsin),Test
7YM8,Active,Class A (Rhodopsin),Test
7YMH,Active,Class A (Rhodopsin),Test
7YMJ,Inactive,Class A (Rhodopsin),Test
7YON,Active,Class A (Rhodopsin),Test
7YOO,Active,Class A (Rhodopsin),Test
7YS6,Active,Class A (Rhodopsin),Test
7ZBC,Inactive,Class A (Rhodopsin),Test
7ZBE,Inactive,Class A (Rhodopsin),Test
7ZL9,Active,Class A (Rhodopsin),Test
7ZLY,Active,Class A (Rhodopsin),Test
8A2O,Inactive,Class A (Rhodopsin),Test
8A2P,Inactive,Class A (Rhodopsin),Test
8A6C,Inactive,Class A (Rhodopsin),Test
8A6D,Inactive,Class A (Rhodopsin),Test
8A6E,Inactive,Class A (Rhodopsin),Test
8C9W,Inactive,Class A (Rhodopsin),Test
8CIC,Inactive,Class A (Rhodopsin),Test
8DZP,Active,Class A (Rhodopsin),Test
8DZQ,Active,Class A (Rhodopsin),Test
8DZR,Active,Class A (Rhodopsin),Test
8DZS,Active,Class A (Rhodopsin),Test
8EIT,Active,Class A (Rhodopsin),Test
8EJC,Active,Class A (Rhodopsin),Test
8EJK,Active,Class A (Rhodopsin),Test
8F0J,Active,Class B1 (Secretin),Test
8F0K,Active,Class B1 (Secretin),Test
8F2A,Active,Class B1 (Secretin),Test
8F2B,Active,Class B1 (Secretin),Test
8F76,Active,Class O1 (fish-like odorant),Test
8FCZ,Inactive,Class A (Rhodopsin),Test
8FD0,Inactive,Class A (Rhodopsin),Test
8FD1,Inactive,Class A (Rhodopsin),Test
8FEG,Active,Class A (Rhodopsin),Test
8FLQ,Active,Class B1 (Secretin),Test
8FLR,Active,Class B1 (Secretin),Test
8FLS,Active,Class B1 (Secretin),Test
8FLT,Active,Class B1 (Secretin),Test
8FLU,Active,Class B1 (Secretin),Test
8FMZ,Active,Class A (Rhodopsin),Test
8FN0,Active,Class A (Rhodopsin),Test
8FN1,Active,Class A (Rhodopsin),Test
8FU6,Active,Class B1 (Secretin),Test
8FX5,Active,Class A (Rhodopsin),Test
8FY8,Active,Class A (Rhodopsin),Test
8FYE,Active,Class A (Rhodopsin),Test
8FYL,Active,Class A (Rhodopsin),Test
8FYN,Inactive,Class A (Rhodopsin),Test
8FYT,Active,Class A (Rhodopsin),Test
8FYX,Active,Class A (Rhodopsin),Test
8G05,Active,Class A (Rhodopsin),Test
8G2Y,Active,Class B2 (Adhesion),Test
8G59,Active,Class A (Rhodopsin),Test
8G94,Active,Class A (Rhodopsin),Test
8GAG,Active,Class A (Rhodopsin),Test
8GCM,Active,Class A (Rhodopsin),Test
8GCP,Active,Class A (Rhodopsin),Test
8GD9,Active,Class A (Rhodopsin),Test
8GDA,Active,Class A (Rhodopsin),Test
8GDB,Active,Class A (Rhodopsin),Test
8GDC,Active,Class A (Rhodopsin),Test
8GDZ,Active,Class A (Rhodopsin),Test
8GE1,Active,Class A (Rhodopsin),Test
8GE2,Active,Class A (Rhodopsin),Test
8GE3,Active,Class A (Rhodopsin),Test
8GE4,Active,Class A (Rhodopsin),Test
8GE5,Active,Class A (Rhodopsin),Test
8GE6,Active,Class A (Rhodopsin),Test
8GE7,Active,Class A (Rhodopsin),Test
8GE8,Active,Class A (Rhodopsin),Test
8GE9,Active,Class A (Rhodopsin),Test
8GEA,Active,Class A (Rhodopsin),Test
8GEB,Active,Class A (Rhodopsin),Test
8GEC,Active,Class A (Rhodopsin),Test
8GED,Active,Class A (Rhodopsin),Test
8GEE,Active,Class A (Rhodopsin),Test
8GEF,Active,Class A (Rhodopsin),Test
8GEG,Active,Class A (Rhodopsin),Test
8GEH,Active,Class A (Rhodopsin),Test
8GEI,Active,Class A (Rhodopsin),Test
8GEJ,Active,Class A (Rhodopsin),Test
8GFV,Active,Class A (Rhodopsin),Test
8GFW,Active,Class A (Rhodopsin),Test
8GFX,Active,Class A (Rhodopsin),Test
8GFY,Active,Class A (Rhodopsin),Test
8GFZ,Active,Class A (Rhodopsin),Test
8GG0,Active,Class A (Rhodopsin),Test
8GG1,Active,Class A (Rhodopsin),Test
8GG2,Active,Class A (Rhodopsin),Test
8GG3,Active,Class A (Rhodopsin),Test
8GG4,Active,Class A (Rhodopsin),Test
8GG5,Active,Class A (Rhodopsin),Test
8GG6,Active,Class A (Rhodopsin),Test
8GG7,Active,Class A (Rhodopsin),Test
8GG8,Active,Class A (Rhodopsin),Test
8GG9,Active,Class A (Rhodopsin),Test
8GGA,Active,Class A (Rhodopsin),Test
8GGB,Active,Class A (Rhodopsin),Test
8GGC,Active,Class A (Rhodopsin),Test
8GGE,Active,Class A (Rhodopsin),Test
8GGF,Active,Class A (Rhodopsin),Test
8GGI,Active,Class A (Rhodopsin),Test
8GGJ,Active,Class A (Rhodopsin),Test
8GGK,Active,Class A (Rhodopsin),Test
8GGL,Active,Class A (Rhodopsin),Test
8GGM,Active,Class A (Rhodopsin),Test
8GGN,Active,Class A (Rhodopsin),Test
8GGO,Active,Class A (Rhodopsin),Test
8GGP,Active,Class A (Rhodopsin),Test
8GGQ,Active,Class A (Rhodopsin),Test
8GGR,Active,Class A (Rhodopsin),Test
8GGS,Active,Class A (Rhodopsin),Test
8GGT,Active,Class A (Rhodopsin),Test
8GGU,Active,Class A (Rhodopsin),Test
8GGV,Active,Class A (Rhodopsin),Test
8GGW,Active,Class A (Rhodopsin),Test
8GGX,Active,Class A (Rhodopsin),Test
8GGY,Active,Class A (Rhodopsin),Test
8GGZ,Active,Class A (Rhodopsin),Test
8GH0,Active,Class A (Rhodopsin),Test
8GH1,Active,Class A (Rhodopsin),Test
8GHV,Active,Class A (Rhodopsin),Test
8GNE,Inactive,Class A (Rhodopsin),Test
8GNG,Inactive,Class A (Rhodopsin),Test
8GTG,Inactive,Class B1 (Secretin),Test
8GTI,Inactive,Class B1 (Secretin),Test
8GTM,Inactive,Class B1 (Secretin),Test
8GUQ,Active,Class A (Rhodopsin),Test
8GUR,Active,Class A (Rhodopsin),Test
8GUS,Active,Class A (Rhodopsin),Test
8GUT,Active,Class A (Rhodopsin),Test
8GW8,Active,Class B1 (Secretin),Test
8GY7,Active,Class A (Rhodopsin),Test
8H0P,Active,Class A (Rhodopsin),Test
8H0Q,Active,Class A (Rhodopsin),Test
8H2G,Active,Class A (Rhodopsin),Test
8H4I,Active,Class A (Rhodopsin),Test
8H4K,Active,Class A (Rhodopsin),Test
8H4L,Active,Class A (Rhodopsin),Test
8H8J,Active,Class A (Rhodopsin),Test
8HBD,Active,Class A (Rhodopsin),Test
8HCQ,Active,Class A (Rhodopsin),Test
8HCX,Active,Class A (Rhodopsin),Test
8HDO,Active,Class A (Rhodopsin),Test
8HDP,Active,Class A (Rhodopsin),Test
8HIX,Active,Class A (Rhodopsin),Test
8HJ0,Active,Class A (Rhodopsin),Test
8HJ1,Active,Class A (Rhodopsin),Test
8HJ2,Active,Class A (Rhodopsin),Test
8HJ5,Active,Class A (Rhodopsin),Test
8HK2,Active,Class A (Rhodopsin),Test
8HK3,Active,Class A (Rhodopsin),Test
8HK5,Active,Class A (Rhodopsin),Test
8HMP,Active,Class A (Rhodopsin),Test
8HMV,Active,Class A (Rhodopsin),Test
8HN1,Inactive,Class A (Rhodopsin),Test
8HN8,Active,Class A (Rhodopsin),Test
8HNK,Active,Class A (Rhodopsin),Test
8HNL,Active,Class A (Rhodopsin),Test
8HNM,Active,Class A (Rhodopsin),Test
8HNN,Inactive,Class A (Rhodopsin),Test
8HOC,Active,Class A (Rhodopsin),Test
8HPT,Active,Class A (Rhodopsin),Test
8HQC,Active,Class A (Rhodopsin),Test
8HQE,Active,Class A (Rhodopsin),Test
8HQM,Active,Class A (Rhodopsin),Test
8HQN,Active,Class A (Rhodopsin),Test
8HS2,Active,Class A (Rhodopsin),Test
8HS3,Active,Class A (Rhodopsin),Test
8HSC,Active,Class A (Rhodopsin),Test
8HTI,Active,Class O1 (fish-like odorant),Test
8HVI,Active,Class A (Rhodopsin),Test
8I2G,Active,Class A (Rhodopsin),Test
8I2H,Inactive,Class A (Rhodopsin),Test
8I7V,Active,Class A (Rhodopsin),Test
8I7W,Active,Class A (Rhodopsin),Test
8I95,Active,Class A (Rhodopsin),Test
8I97,Active,Class A (Rhodopsin),Test
8I9A,Active,Class A (Rhodopsin),Test
8I9L,Active,Class A (Rhodopsin),Test
8I9S,Active,Class A (Rhodopsin),Test
8IA2,Active,Class A (Rhodopsin),Test
8IA7,Active,Class A (Rhodopsin),Test
8IA8,Active,Class A (Rhodopsin),Test
8IBU,Active,Class A (Rhodopsin),Test
8IBV,Active,Class A (Rhodopsin),Test
8IC0,Active,Class A (Rhodopsin),Test
8ID3,Active,Class A (Rhodopsin),Test
8ID4,Active,Class A (Rhodopsin),Test
8ID6,Active,Class A (Rhodopsin),Test
8ID8,Active,Class A (Rhodopsin),Test
8ID9,Active,Class A (Rhodopsin),Test
8IHB,Active,Class A (Rhodopsin),Test
8IHF,Active,Class A (Rhodopsin),Test
8IHH,Active,Class A (Rhodopsin),Test
8IHI,Active,Class A (Rhodopsin),Test
8IHJ,Active,Class A (Rhodopsin),Test
8IHK,Active,Class A (Rhodopsin),Test
8IJ3,Active,Class A (Rhodopsin),Test
8IJA,Active,Class A (Rhodopsin),Test
8IJB,Active,Class A (Rhodopsin),Test
8IJD,Active,Class A (Rhodopsin),Test
8IKG,Active,Class A (Rhodopsin),Test
8IKH,Active,Class A (Rhodopsin),Test
8IKJ,Inactive,Class B2 (Adhesion),Test
8IKL,Active,Class B2 (Adhesion),Test
8INR,Active,Class A (Rhodopsin),Test
8IOC,Active,Class A (Rhodopsin),Test
8IOD,Active,Class A (Rhodopsin),Test
8IQ4,Active,Class A (Rhodopsin),Test
8IQ6,Active,Class A (Rhodopsin),Test
8IRJ,Inactive,Class C (Glutamate),Test
8IRR,Active,Class A (Rhodopsin),Test
8IRS,Active,Class A (Rhodopsin),Test
8IRT,Active,Class A (Rhodopsin),Test
8IRU,Active,Class A (Rhodopsin),Test
8IRV,Active,Class A (Rhodopsin),Test
8ITF,Active,Class A (Rhodopsin),Test
8ITL,Active,Class B1 (Secretin),Test
8ITM,Active,Class B1 (Secretin),Test
8IU2,Active,Class A (Rhodopsin),Test
8IUK,Active,Class A (Rhodopsin),Test
8IUL,Active,Class A (Rhodopsin),Test
8IUM,Active,Class A (Rhodopsin),Test
8IW1,Active,Class A (Rhodopsin),Test
8IW4,Active,Class A (Rhodopsin),Test
8IW7,Active,Class A (Rhodopsin),Test
8IW9,Active,Class A (Rhodopsin),Test
8IWE,Active,Class A (Rhodopsin),Test
8IWM,Active,Class A (Rhodopsin),Test
8IY5,Active,Class A (Rhodopsin),Test
8IY6,Active,Class A (Rhodopsin),Test
8IY9,Active,Class A (Rhodopsin),Test
8IYH,Active,Class A (Rhodopsin),Test
8IYS,Active,Class A (Rhodopsin),Test
8IYW,Active,Class A (Rhodopsin),Test
8IYX,Active,Class A (Rhodopsin),Test
8IZ4,Active,Class A (Rhodopsin),Test
8IZB,Active,Class A (Rhodopsin),Test
8J18,Active,Class A (Rhodopsin),Test
8J19,Active,Class A (Rhodopsin),Test
8J1A,Active,Class A (Rhodopsin),Test
8J20,Active,Class A (Rhodopsin),Test
8J21,Active,Class A (Rhodopsin),Test
8J22,Active,Class A (Rhodopsin),Test
8J23,Active,Class A (Rhodopsin),Test
8J24,Active,Class A (Rhodopsin),Test
8J46,Active,Class O1 (fish-like odorant),Test
8J6D,Active,Class A (Rhodopsin),Test
8J6I,Active,Class A (Rhodopsin),Test
8J6J,Active,Class A (Rhodopsin),Test
8J6L,Active,Class A (Rhodopsin),Test
8J6P,Active,Class A (Rhodopsin),Test
8J6Q,Active,Class A (Rhodopsin),Test
8J6R,Active,Class A (Rhodopsin),Test
8J9N,Active,Class F (Frizzled),Test
8J9O,Active,Class F (Frizzled),Test
8JBF,Active,Class A (Rhodopsin),Test
8JCU,Inactive,Class C (Glutamate),Test
8JCV,Inactive,Class C (Glutamate),Test
8JCW,Inactive,Class C (Glutamate),Test
8JCX,Inactive,Class C (Glutamate),Test
8JCY,Inactive,Class C (Glutamate),Test
8JCZ,Inactive,Class C (Glutamate),Test
8JD0,Inactive,Class C (Glutamate),Test
8JD1,Inactive,Class C (Glutamate),Test
8JD2,Active,Class C (Glutamate),Test
8JD3,Active,Class C (Glutamate),Test
8JD4,Active,Class C (Glutamate),Test
8JD5,Active,Class C (Glutamate),Test
8JD6,Active,Class C (Glutamate),Test
8JEF,Active,Class A (Rhodopsin),Test
8JEI,Active,Class A (Rhodopsin),Test
8JER,Active,Class A (Rhodopsin),Test
8JGB,Active,Class A (Rhodopsin),Test
8JGF,Active,Class A (Rhodopsin),Test
8JGG,Active,Class A (Rhodopsin),Test
8JH7,Active,Class F (Frizzled),Test
8JHB,Active,Class F (Frizzled),Test
8JHC,Active,Class F (Frizzled),Test
8JHI,Active,Class F (Frizzled),Test
8JHN,Active,Class A (Rhodopsin),Test
8JHY,Active,Class A (Rhodopsin),Test
8JII,Active,Class A (Rhodopsin),Test
8JIL,Active,Class A (Rhodopsin),Test
8JIM,Active,Class A (Rhodopsin),Test
8JIP,Active,Class B1 (Secretin),Test
8JIQ,Active,Class B1 (Secretin),Test
8JIR,Active,Class B1 (Secretin),Test
8JIS,Active,Class B1 (Secretin),Test
8JIT,Active,Class B1 (Secretin),Test
8JIU,Active,Class B1 (Secretin),Test
8JJ8,Active,Class A (Rhodopsin),Test
8JJL,Inactive,Class A (Rhodopsin),Test
8JJO,Inactive,Class A (Rhodopsin),Test
8JJP,Active,Class A (Rhodopsin),Test
8JLJ,Active,Class A (Rhodopsin),Test
8JLK,Active,Class A (Rhodopsin),Test
8JLN,Active,Class A (Rhodopsin),Test
8JLO,Active,Class A (Rhodopsin),Test
8JLP,Active,Class A (Rhodopsin),Test
8JLQ,Active,Class A (Rhodopsin),Test
8JLR,Active,Class A (Rhodopsin),Test
8JLZ,Active,Class A (Rhodopsin),Test
8JMT,Inactive,Class B2 (Adhesion),Test
8JPB,Active,Class A (Rhodopsin),Test
8JPC,Active,Class A (Rhodopsin),Test
8JPF,Active,Class A (Rhodopsin),Test
8JPN,Active,Class A (Rhodopsin),Test
8JPP,Active,Class A (Rhodopsin),Test
8JR9,Active,Class B1 (Secretin),Test
8JRU,Active,Class B1 (Secretin),Test
8JRV,Active,Class B1 (Secretin),Test
8JSO,Active,Class A (Rhodopsin),Test
8JSP,Active,Class A (Rhodopsin),Test
8JT6,Active,Class A (Rhodopsin),Test
8JT8,Inactive,Class A (Rhodopsin),Test
8JWY,Inactive,Class A (Rhodopsin),Test
8JWZ,Inactive,Class A (Rhodopsin),Test
8JXR,Active,Class A (Rhodopsin),Test
8JXS,Active,Class A (Rhodopsin),Test
8JXT,Active,Class A (Rhodopsin),Test
8JXV,Active,Class A (Rhodopsin),Test
8JXW,Active,Class A (Rhodopsin),Test
8JXX,Active,Class A (Rhodopsin),Test
8JZ7,Active,Class A (Rhodopsin),Test
8JZZ,Active,Class A (Rhodopsin),Test
8K2W,Inactive,Class A (Rhodopsin),Test
8K2X,Active,Class A (Rhodopsin),Test
8K3Z,Active,Class A (Rhodopsin),Test
8K4N,Active,Class A (Rhodopsin),Test
8K4O,Active,Class A (Rhodopsin),Test
8K4P,Active,Class A (Rhodopsin),Test
8K4S,Active,Class A (Rhodopsin),Test
8K5B,Active,Class A (Rhodopsin),Test
8K5C,Active,Class A (Rhodopsin),Test
8K5D,Active,Class A (Rhodopsin),Test
8K6M,Active,Class A (Rhodopsin),Test
8K6N,Active,Class A (Rhodopsin),Test
8K6O,Active,Class A (Rhodopsin),Test
8K8J,Active,Class A (Rhodopsin),Test
8K9K,Active,Class A (Rhodopsin),Test
8K9L,Active,Class A (Rhodopsin),Test
8KEX,Active,Class A (Rhodopsin),Test
8KFX,Active,Class A (Rhodopsin),Test
8KFY,Active,Class A (Rhodopsin),Test
8KFZ,Active,Class A (Rhodopsin),Test
8KGG,Active,Class A (Rhodopsin),Test
8KGK,Active,Class A (Rhodopsin),Test
8KH4,Active,Class A (Rhodopsin),Test
8KH5,Active,Class A (Rhodopsin),Test
8P12,Active,Class A (Rhodopsin),Test
8PJK,Active,Class A (Rhodopsin),Test
8PKM,Active,Class A (Rhodopsin),Test
8PM2,Active,Class A (Rhodopsin),Test
8POK,Active,Class A (Rhodopsin),Test
8PWN,Inactive,Class A (Rhodopsin),Test
8QJ2,Active,Class A (Rhodopsin),Test
8QOT,Inactive,Class A (Rhodopsin),Test
8QW4,Active,Class F (Frizzled),Test
8RQL,Active,Class T2 (Taste 2),Test
8SAI,Active,Class A (Rhodopsin),Test
8SG1,Active,Class A (Rhodopsin),Test
8SMV,Active,Class A (Rhodopsin),Test
8SZF,Active,Class C (Glutamate),Test
8SZG,Active,Class C (Glutamate),Test
8SZH,Active,Class C (Glutamate),Test
8SZI,Active,Class C (Glutamate),Test
8T1V,Inactive,Class A (Rhodopsin),Test
8T1W,Inactive,Class A (Rhodopsin),Test
8T3O,Active,Class A (Rhodopsin),Test
8T3Q,Active,Class A (Rhodopsin),Test
8T3S,Active,Class A (Rhodopsin),Test
8T3V,Active,Class A (Rhodopsin),Test
8T6J,Inactive,Class C (Glutamate),Test
8TAO,Active,Class C (Glutamate),Test
8TB0,Active,Class A (Rhodopsin),Test
8TB7,Active,Class A (Rhodopsin),Test
8TF5,Active,Class A (Rhodopsin),Test
8TH3,Inactive,Class A (Rhodopsin),Test
8TH4,Inactive,Class A (Rhodopsin),Test
8THK,Active,Class A (Rhodopsin),Test
8THL,Active,Class A (Rhodopsin),Test
8TLM,Inactive,Class A (Rhodopsin),Test
8TQB,Active,Class C (Glutamate),Test
8TR0,Inactive,Class C (Glutamate),Test
8TR2,Active,Class C (Glutamate),Test
8TRC,Inactive,Class C (Glutamate),Test
8TRD,Inactive,Class C (Glutamate),Test
8TYW,Active,Class A (Rhodopsin),Test
8TZQ,Active,Class A (Rhodopsin),Test
8U02,Active,Class A (Rhodopsin),Test
8U1U,Active,Class A (Rhodopsin),Test
8U26,Active,Class A (Rhodopsin),Test
8U4N,Active,Class A (Rhodopsin),Test
8U4O,Active,Class A (Rhodopsin),Test
8U4P,Active,Class A (Rhodopsin),Test
8U4Q,Active,Class A (Rhodopsin),Test
8U4R,Inactive,Class A (Rhodopsin),Test
8U4S,Active,Class A (Rhodopsin),Test
8U8F,Active,Class A (Rhodopsin),Test
8UGW,Active,Class A (Rhodopsin),Test
8UGY,Active,Class A (Rhodopsin),Test
8UH3,Active,Class A (Rhodopsin),Test
8UHB,Active,Class A (Rhodopsin),Test
8UNL,Active,Class A (Rhodopsin),Test
8UNM,Active,Class A (Rhodopsin),Test
8UNN,Active,Class A (Rhodopsin),Test
8UNO,Active,Class A (Rhodopsin),Test
8UNP,Active,Class A (Rhodopsin),Test
8UNQ,Active,Class A (Rhodopsin),Test
8UNR,Active,Class A (Rhodopsin),Test
8UNS,Active,Class A (Rhodopsin),Test
8UNT,Active,Class A (Rhodopsin),Test
8UNU,Active,Class A (Rhodopsin),Test
8UNV,Active,Class A (Rhodopsin),Test
8UNW,Active,Class A (Rhodopsin),Test
8UNX,Active,Class A (Rhodopsin),Test
8UNY,Active,Class A (Rhodopsin),Test
8UNZ,Active,Class A (Rhodopsin),Test
8UO0,Active,Class A (Rhodopsin),Test
8UO1,Active,Class A (Rhodopsin),Test
8UO2,Active,Class A (Rhodopsin),Test
8UO3,Active,Class A (Rhodopsin),Test
8UO4,Active,Class A (Rhodopsin),Test
8UWL,Active,Class A (Rhodopsin),Test
8UXV,Active,Class O1 (fish-like odorant),Test
8UXY,Active,Class O2 (tetrapod specific odorant),Test
8UY0,Active,Class O2 (tetrapod specific odorant),Test
8UYQ,Active,Class O2 (tetrapod specific odorant),Test
8V6U,Active,Class A (Rhodopsin),Test
8VHF,Active,Class A (Rhodopsin),Test
8W77,Inactive,Class O1 (fish-like odorant),Test
8W87,Active,Class A (Rhodopsin),Test
8W88,Active,Class A (Rhodopsin),Test
8W89,Active,Class A (Rhodopsin),Test
8W8A,Active,Class A (Rhodopsin),Test
8W8B,Active,Class A (Rhodopsin),Test
8W8Q,Active,Class A (Rhodopsin),Test
8W8R,Active,Class A (Rhodopsin),Test
8W8S,Active,Class A (Rhodopsin),Test
8WA3,Active,Class B1 (Secretin),Test
8WC3,Active,Class A (Rhodopsin),Test
8WC4,Active,Class A (Rhodopsin),Test
8WC5,Active,Class A (Rhodopsin),Test
8WC6,Active,Class A (Rhodopsin),Test
8WC7,Active,Class A (Rhodopsin),Test
8WC8,Active,Class A (Rhodopsin),Test
8WC9,Active,Class A (Rhodopsin),Test
8WCA,Active,Class A (Rhodopsin),Test
8WCB,Active,Class A (Rhodopsin),Test
8WCC,Active,Class A (Rhodopsin),Test
8WDT,Active,Class A (Rhodopsin),Test
8WG7,Active,Class B1 (Secretin),Test
8WG8,Active,Class B1 (Secretin),Test
8WG9,Active,Class C (Glutamate),Test
8WGB,Active,Class C (Glutamate),Test
8WGC,Active,Class C (Glutamate),Test
8WGD,Inactive,Class C (Glutamate),Test
8WJX,Active,Class A (Rhodopsin),Test
8WM9,Active,Class F (Frizzled),Test
8WMA,Active,Class F (Frizzled),Test
8WOG,Active,Class A (Rhodopsin),Test
8WP1,Active,Class A (Rhodopsin),Test
8WPG,Inactive,Class C (Glutamate),Test
8WPU,Active,Class C (Glutamate),Test
8WRB,Active,Class A (Rhodopsin),Test
8WRZ,Active,Class A (Rhodopsin),Test
8WSS,Active,Class A (Rhodopsin),Test
8WST,Active,Class A (Rhodopsin),Test
8WU1,Active,Class A (Rhodopsin),Test
8WVU,Inactive,Class A (Rhodopsin),Test
8WVV,Inactive,Class A (Rhodopsin),Test
8WVW,Inactive,Class A (Rhodopsin),Test
8WVX,Inactive,Class A (Rhodopsin),Test
8WVY,Inactive,Class A (Rhodopsin),Test
8WW2,Active,Class A (Rhodopsin),Test
8WWH,Active,Class A (Rhodopsin),Test
8WWI,Active,Class A (Rhodopsin),Test
8WWJ,Active,Class A (Rhodopsin),Test
8WWK,Active,Class A (Rhodopsin),Test
8WWL,Active,Class A (Rhodopsin),Test
8WWM,Active,Class A (Rhodopsin),Test
8WWN,Active,Class A (Rhodopsin),Test
8WZ2,Active,Class A (Rhodopsin),Test
8X0B,Active,Class C (Glutamate),Test
8X0C,Active,Class C (Glutamate),Test
8X0D,Active,Class C (Glutamate),Test
8X0E,Active,Class C (Glutamate),Test
8X0F,Active,Class C (Glutamate),Test
8X0G,Active,Class C (Glutamate),Test
8X0H,Active,Class C (Glutamate),Test
8X16,Active,Class A (Rhodopsin),Test
8X17,Active,Class A (Rhodopsin),Test
8X2K,Active,Class A (Rhodopsin),Test
8X3L,Active,Class A (Rhodopsin),Test
8X5X,Inactive,Class A (Rhodopsin),Test
8X5Y,Inactive,Class A (Rhodopsin),Test
8X63,Inactive,Class A (Rhodopsin),Test
8X64,Inactive,Class A (Rhodopsin),Test
8X79,Active,Class A (Rhodopsin),Test
8X7A,Active,Class A (Rhodopsin),Test
8X8L,Active,Class A (Rhodopsin),Test
8X8N,Active,Class A (Rhodopsin),Test
8XBE,Active,Class A (Rhodopsin),Test
8XBG,Active,Class A (Rhodopsin),Test
8XBH,Active,Class A (Rhodopsin),Test
8XBI,Active,Class A (Rhodopsin),Test
8XFP,Inactive,Class A (Rhodopsin),Test
8XFS,Inactive,Class A (Rhodopsin),Test
8XFT,Inactive,Class A (Rhodopsin),Test
8XGM,Active,Class A (Rhodopsin),Test
8XGO,Active,Class A (Rhodopsin),Test
8XGR,Active,Class A (Rhodopsin),Test
8XGS,Active,Class A (Rhodopsin),Test
8XGU,Active,Class A (Rhodopsin),Test
8XJL,Active,Class A (Rhodopsin),Test
8XJM,Active,Class A (Rhodopsin),Test
8XJO,Active,Class A (Rhodopsin),Test
8XML,Active,Class A (Rhodopsin),Test
8XOG,Active,Class A (Rhodopsin),Test
8XOH,Active,Class A (Rhodopsin),Test
8XOI,Active,Class A (Rhodopsin),Test
8XOJ,Active,Class A (Rhodopsin),Test
8XOR,Active,Class A (Rhodopsin),Test
8XOS,Active,Class A (Rhodopsin),Test
8XQL,Active,Class T2 (Taste 2),Test
8XQN,Active,Class T2 (Taste 2),Test
8XQO,Active,Class T2 (Taste 2),Test
8XQP,Active,Class T2 (Taste 2),Test
8XQR,Active,Class T2 (Taste 2),Test
8XQS,Active,Class T2 (Taste 2),Test
8XQT,Active,Class T2 (Taste 2),Test
8XVE,Active,Class A (Rhodopsin),Test
8XVH,Active,Class A (Rhodopsin),Test
8XVI,Active,Class A (Rhodopsin),Test
8XWP,Active,Class A (Rhodopsin),Test
8XWQ,Active,Class A (Rhodopsin),Test
8XYD,Active,Class A (Rhodopsin),Test
8XZF,Active,Class A (Rhodopsin),Test
8XZG,Active,Class A (Rhodopsin),Test
8XZH,Active,Class A (Rhodopsin),Test
8XZJ,Active,Class A (Rhodopsin),Test
8Y52,Active,Class A (Rhodopsin),Test
8Y69,Inactive,Class A (Rhodopsin),Test
8YKW,Active,Class A (Rhodopsin),Test
8YKX,Active,Class A (Rhodopsin),Test
8YN2,Active,Class A (Rhodopsin),Test
8YN3,Active,Class A (Rhodopsin),Test
8YN4,Active,Class A (Rhodopsin),Test
8YN5,Active,Class A (Rhodopsin),Test
8YN6,Active,Class A (Rhodopsin),Test
8YN9,Active,Class A (Rhodopsin),Test
8YUU,Active,Class A (Rhodopsin),Test
8YW3,Active,Class B1 (Secretin),Test
8YW4,Active,Class B1 (Secretin),Test
8YW5,Active,Class B1 (Secretin),Test
8YY8,Active,Class F (Frizzled),Test
8YZK,Inactive,Class C (Glutamate),Test
8ZBE,Active,Class A (Rhodopsin),Test
8ZCJ,Active,Class A (Rhodopsin),Test
8ZH8,Active,Class A (Rhodopsin),Test
8ZJD,Active,Class A (Rhodopsin),Test
8ZJE,Active,Class A (Rhodopsin),Test
8ZPS,Active,Class A (Rhodopsin),Test
8ZPT,Active,Class A (Rhodopsin),Test
8ZQE,Active,Class A (Rhodopsin),Test
8ZRT,Active,Class A (Rhodopsin),Test
8ZSJ,Active,Class A (Rhodopsin),Test
8ZSP,Active,Class A (Rhodopsin),Test
9AST,Active,Class A (Rhodopsin),Test
9AUC,Active,Class B1 (Secretin),Test
9AXF,Active,Class C (Glutamate),Test
9AYF,Active,Class C (Glutamate),Test
9B9Y,Inactive,Class A (Rhodopsin),Test
9BKJ,Active,Class A (Rhodopsin),Test
9BKK,Active,Class A (Rhodopsin),Test
9CBL,Active,Class A (Rhodopsin),Test
9CBM,Active,Class A (Rhodopsin),Test
9EPO,Inactive,Class F (Frizzled),Test
9EPR,Active,Class A (Rhodopsin),Test
9EW2,Active,Class F (Frizzled),Test
9GYO,Active,Class A (Rhodopsin),Test
9IJD,Active,Class A (Rhodopsin),Test
9IJE,Active,Class A (Rhodopsin),Test
9IMA,Inactive,Class C (Glutamate),Test
9IQT,Active,Class A (Rhodopsin),Test
9IVG,Active,Class B1 (Secretin),Test
9IY8,Active,Class A (Rhodopsin),Test
9IZH,Active,Class A (Rhodopsin),Test
9JKQ,Active,Class A (Rhodopsin),Test
9JR2,Active,Class B1 (Secretin),Test
9JR3,Active,Class B1 (Secretin),Test
9K1C,Active,Class A (Rhodopsin),Test
9K1D,Active,Class A (Rhodopsin),Test
